{
    "ryzhyinlovequest":
    {
        "QuestName": "In Love",
        "_id": "ryzhyinlovequest",
        "acceptPlayerMessage": "ryzhyinlovequest acceptPlayerMessage",
        "canShowNotificationsInGame": true,
        "changeQuestMessageText": "ryzhyinlovequest changeQuestMessageText",
        "completePlayerMessage": "ryzhyinlovequest completePlayerMessage",
        "conditions": {
      "AvailableForFinish": [
        {
          "conditionType": "HandoverItem",
          "dogtagLevel": 0,
          "dynamicLocale": false,
          "globalQuestCounterId": "",
          "id": "ryzhyinlovequest handover",
          "index": 1,
          "isEncoded": false,
          "maxDurability": 100,
          "minDurability": 0,
          "onlyFoundInRaid": true,
          "parentId": "",
          "target": [
            "590c695186f7741e566b64a2",
            "5751a89d24597722aa0e8db0",
            "5af0548586f7743a532b7e99",
            "544fb3f34bdc2d03748b456a",
            "544fb37f4bdc2dee738b4567",
            "5755383e24597772cb798966",
            "590c657e86f77412b013051d",
            "60098ad7c2240c0fe85c570a",
            "590c661e86f7741e566b646a",
            "590c678286f77426c9660122",
            "5755356824597772cb798962",
            "544fb45d4bdc2dee738b4568",
            "5e99711486f7744bfc4af328",
            "544fb25a4bdc2dfb738b4567",
            "5751a25924597722c463c472",
            "5d02778e86f774203e7dedbe",
            "5af0454c86f7746bf20992e8",
            "60098af40accd37ef2175f27",
            "5e831507ea0a7c419c2f9bd9",
            "5e8488fa988a8701445df1e4",
            "5e99735686f7744bfc4af32c",
            "544fb3364bdc2d34748b456a",
            "5d02797c86f774203f38e30a",
            "5ed515c8d380ab312177c0fa",
            "5ed515f6915ec335206e4152",
            "5c10c8fd86f7743d7d706df3",
            "648c1a965043c4052a4f8505",
            "5ed515e03a40a50460332579",
            "5ed51652f6c34d2cc26336a1",
            "5ed5160a87bb8443d10680b5",
            "5ed5166ad380ab312177c100",
            "637b60c3b7afa97bfc3d7001",
            "5ed515ece452db0eb56fc028",
            "637b6179104668754b72f8f5",
            "637b6251104668754b72f8f9",
            "5c0e530286f7747fa1419862",
            "637b612fb7afa97bfc3d7005",
            "5c0e531286f7747fa54205c2",
            "5c0e531d86f7747fa23f4d42",
            "5fca13ca637ee0341a484f46",
            "637b620db7afa97bfc3d7009",
            "5c0e533786f7747fa23f4d47",
            "5c0e534186f7747fa1419867",
            "5fca138c2a7b221b2852a5c6"
          ],
          "value": 25,
          "visibilityConditions": []
        },
        {
          "compareMethod": ">=",
          "conditionType": "TraderLoyalty",
          "dynamicLocale": false,
          "globalQuestCounterId": "",
          "id": "ryzhyinlovequest loyaltyText",
          "index": 0,
          "parentId": "",
          "target": "54cb57776803fa99248b456e",
          "value": 2,
          "visibilityConditions": []
        }
      ],
      "AvailableForStart": [
        {
            "availableAfter": 0,
            "conditionType": "Quest",
            "dispersion": 0,
            "dynamicLocale": false,
            "globalQuestCounterId": "",
            "id": "ryzhyinlovequest start",
            "index": 0,
            "parentId": "",
            "status": [
              4
            ],
            "target": "ryzhyselfdefensequest",
            "visibilityConditions": []
        }
      ],
      "Fail": []
    },
    "description": "ryzhyinlovequest description",
        "failMessageText": " ",
        "name": "ryzhyinlovequest name",
        "note": "ryzhyinlovequest note",
        "questStatus": {},
        "traderId": "RyzhyTrader",
        "location": "any",
        "image": "/files/quest/icon/ryzhyInLoveQuest.jpg",
        "isKey": false,
        "restartable": false,
        "instantComplete": false,
        "secretQuest": false,
        "startedMessageText": "ryzhyinlovequest description",
        "successMessageText": "ryzhyinlovequest successMessageText",
        "templateId": "ryzhyinlovequest",
        "rewards": {
          "Started": [],
          "Success": [
            {
              "value": "15000",
              "id": "5fe305df8a67d12f5f24c8aa",
              "type": "Experience",
              "index": 0
            },
            {
              "value": "75000",
              "id": "5fe305d9c646836c3b6fc562",
              "type": "Item",
              "index": 1,
              "target": "6492e44bf4287b13040fca56",
              "findInRaid": true,
              "items": [
                {
                  "_id": "6492e44bf4287b13040fca56",
                  "_tpl": "5449016a4bdc2d6f028b456f",
                  "upd": {
                    "StackObjectsCount": 75000
                  }
                }
              ]
            },
            {
              "value": "1",
              "id": "5d02778e86f774203e7dedbe",
              "type": "Item",
              "index": 1,
              "target": "6492e44bf4287b13040fca56",
              "findInRaid": true,
              "items": [
                {
                  "_id": "6492e44bf4287b13040fca56",
                  "_tpl": "5d02778e86f774203e7dedbe",
                  "upd": {
                    "StackObjectsCount": 1
                  }
                }
              ]
            },
            {
              "value": "3",
              "id": "544fb45d4bdc2dee738b4568",
              "type": "Item",
              "index": 1,
              "target": "6492e44bf4287b13040fca56",
              "findInRaid": true,
              "items": [
                {
                  "_id": "6492e44bf4287b13040fca56",
                  "_tpl": "544fb45d4bdc2dee738b4568",
                  "upd": {
                    "StackObjectsCount": 3
                  }
                }
              ]
            },
            {
              "value": "3",
              "id": "614451b71e5874611e2c7ae5",
              "type": "Item",
              "index": 1,
              "target": "6492e44bf4287b13040fca56",
              "findInRaid": true,
              "items": [
                {
                  "_id": "6492e44bf4287b13040fca56",
                  "_tpl": "614451b71e5874611e2c7ae5",
                  "upd": {
                    "StackObjectsCount": 3
                  }
                }
              ]
            },
            {
              "value": "0.05",
              "id": "60c89c0c80b2027f403dd992",
              "type": "TraderStanding",
              "index": 5,
              "target": "54cb57776803fa99248b456e"
            },
            {
              "value": "0.25",
              "id": "60c89c0c80b2027f403dd992",
              "type": "TraderStanding",
              "index": 5,
              "target": "RyzhyTrader"
            }
          ],
          "Fail": []
        },
        "side": "Pmc"
    }
}