{
    "ryzhylostmygunquest":
    {
        "QuestName": "Lost My Gun",
        "_id": "ryzhylostmygunquest",
        "acceptPlayerMessage": "ryzhylostmygunquest acceptPlayerMessage",
        "canShowNotificationsInGame": true,
        "changeQuestMessageText": "ryzhylostmygunquest changeQuestMessageText",
        "completePlayerMessage": "ryzhylostmygunquest completePlayerMessage",
        "conditions": {
      "AvailableForFinish": [
        {
          "conditionType": "HandoverItem",
          "dogtagLevel": 0,
          "dynamicLocale": false,
          "globalQuestCounterId": "",
          "id": "ryzhylostmygunquest handover",
          "index": 0,
          "isEncoded": false,
          "maxDurability": 100,
          "minDurability": 0,
          "onlyFoundInRaid": true,
          "parentId": "",
          "target": [
            "64748cb8de82c85eaf0a273a"
          ],
          "value": 1,
          "visibilityConditions": []
        }
      ],
      "AvailableForStart": [
        {
          "compareMethod": ">=",
          "conditionType": "Level",
          "dynamicLocale": false,
          "globalQuestCounterId": "",
          "id": "5981a09b86f77455537a65ac",
          "index": 0,
          "parentId": "",
          "value": 1,
          "visibilityConditions": []
        }
      ],
      "Fail": []
    },
    "description": "ryzhylostmygunquest description",
        "failMessageText": " ",
        "name": "ryzhylostmygunquest name",
        "note": "ryzhylostmygunquest note",
        "questStatus": {},
        "traderId": "RyzhyTrader",
        "location": "any",
        "image": "/files/quest/icon/ryzhyLostGunQuest.jpg",
        "isKey": false,
        "restartable": false,
        "instantComplete": false,
        "secretQuest": false,
        "startedMessageText": "ryzhylostmygunquest description",
        "successMessageText": "ryzhylostmygunquest successMessageText",
        "templateId": "ryzhylostmygunquest",
        "rewards": {
          "Started": [],
          "Success": [
            {
              "value": "7500",
              "id": "5fe305df8a67d12f5f24c8aa",
              "type": "Experience",
              "index": 0
            },
            {
              "value": "5000",
              "id": "5fe305d9c646836c3b6fc562",
              "type": "Item",
              "index": 1,
              "target": "6492e44bf4287b13040fca56",
              "findInRaid": true,
              "items": [
                {
                  "_id": "6492e44bf4287b13040fca56",
                  "_tpl": "5449016a4bdc2d6f028b456f",
                  "upd": {
                    "StackObjectsCount": 5000
                  }
                }
              ]
            },
            {
              "value": "3",
              "id": "57347da92459774491567cf5",
              "type": "Item",
              "index": 1,
              "target": "6492e44bf4287b13040fca56",
              "findInRaid": true,
              "items": [
                {
                  "_id": "6492e44bf4287b13040fca56",
                  "_tpl": "57347da92459774491567cf5",
                  "upd": {
                    "StackObjectsCount": 3
                  }
                }
              ]
            },
            {
              "value": "1",
              "id": "614451b71e5874611e2c7ae5",
              "type": "Item",
              "index": 1,
              "target": "6492e44bf4287b13040fca56",
              "findInRaid": true,
              "items": [
                {
                  "_id": "6492e44bf4287b13040fca56",
                  "_tpl": "614451b71e5874611e2c7ae5",
                  "upd": {
                    "StackObjectsCount": 1
                  }
                }
              ]
            },
            {
              "value": "1",
              "id": "575146b724597720a27126d5",
              "type": "Item",
              "index": 1,
              "target": "6492e44bf4287b13040fca56",
              "findInRaid": true,
              "items": [
                {
                  "_id": "6492e44bf4287b13040fca56",
                  "_tpl": "575146b724597720a27126d5",
                  "upd": {
                    "StackObjectsCount": 1
                  }
                }
              ]
            },
            {
              "value": "0.25",
              "id": "60c89c0c80b2027f403dd992",
              "type": "TraderStanding",
              "index": 5,
              "target": "RyzhyTrader"
            }
          ],
          "Fail": []
        },
        "side": "Pmc"
    }
}