{
    "ryzhypaybackquest":
    {
        "QuestName": "Payback Time",
        "_id": "ryzhypaybackquest",
        "acceptPlayerMessage": "ryzhypaybackquest acceptPlayerMessage",
        "canShowNotificationsInGame": true,
        "changeQuestMessageText": "ryzhypaybackquest changeQuestMessageText",
        "completePlayerMessage": "ryzhypaybackquest completePlayerMessage",
        "conditions": {
      "AvailableForFinish": [
        {
          "completeInSeconds": 0,
          "conditionType": "CounterCreator",
          "counter": {
            "conditions": [
              {
                "bodyPart": [],
                "compareMethod": ">=",
                "conditionType": "Kills",
                "daytime": {
                  "from": 0,
                  "to": 0
                },
                "distance": {
                  "compareMethod": ">=",
                  "value": 0
                },
                "dynamicLocale": false,
                "enemyEquipmentExclusive": [],
                "enemyEquipmentInclusive": [],
                "enemyHealthEffects": [],
                "id": "ryzhypaybackquest kill",
                "resetOnSessionEnd": false,
                "savageRole": ["bossGluhar"],
                "target": "Savage",
                "value": 1,
                "weapon": [],
                "weaponCaliber": [],
                "weaponModsExclusive": [],
                "weaponModsInclusive": []
              }
            ],
            "id": "ryzhypaybackquest kill"
          },
          "doNotResetIfCounterCompleted": false,
          "dynamicLocale": false,
          "globalQuestCounterId": "",
          "id": "ryzhypaybackquest kill",
          "index": 0,
          "oneSessionOnly": false,
          "parentId": "",
          "type": "Elimination",
          "value": 1,
          "visibilityConditions": []
        }
      ],
      "AvailableForStart": [
        {
            "availableAfter": 0,
            "conditionType": "Quest",
            "dispersion": 0,
            "dynamicLocale": false,
            "globalQuestCounterId": "",
            "id": "ryzhypaybackquest start",
            "index": 0,
            "parentId": "",
            "status": [
              4
            ],
            "target": "ryzhylostmygunquest",
            "visibilityConditions": []
        }
      ],
      "Fail": []
    },
    "description": "ryzhypaybackquest description",
        "failMessageText": " ",
        "name": "ryzhypaybackquest name",
        "note": "ryzhypaybackquest note",
        "questStatus": {},
        "traderId": "RyzhyTrader",
        "location": "any",
        "image": "/files/quest/icon/ryzhyhPaybackQuest.png",
        "isKey": false,
        "restartable": false,
        "instantComplete": false,
        "secretQuest": false,
        "startedMessageText": "ryzhypaybackquest description",
        "successMessageText": "ryzhypaybackquest successMessageText",
        "templateId": "ryzhypaybackquest",
        "rewards": {
          "Started": [],
          "Success": [
            {
              "value": "20000",
              "id": "5fe305df8a67d12f5f24c8aa",
              "type": "Experience",
              "index": 0
            },
            {
              "value": "100000",
              "id": "5fe305d9c646836c3b6fc562",
              "type": "Item",
              "index": 1,
              "target": "6492e44bf4287b13040fca56",
              "findInRaid": true,
              "items": [
                {
                  "_id": "6492e44bf4287b13040fca56",
                  "_tpl": "5449016a4bdc2d6f028b456f",
                  "upd": {
                    "StackObjectsCount": 100000
                  }
                }
              ]
            },
            {
              "value": "2",
              "id": "614451b71e5874611e2c7ae5",
              "type": "Item",
              "index": 1,
              "target": "6492e44bf4287b13040fca56",
              "findInRaid": true,
              "items": [
                {
                  "_id": "6492e44bf4287b13040fca56",
                  "_tpl": "614451b71e5874611e2c7ae5",
                  "upd": {
                    "StackObjectsCount": 2
                  }
                }
              ]
            },
            {
              "value": "1",
              "id": "59faf7ca86f7740dbe19f6c2",
              "type": "Item",
              "index": 1,
              "target": "6492e44bf4287b13040fca56",
              "findInRaid": true,
              "items": [
                {
                  "_id": "6492e44bf4287b13040fca56",
                  "_tpl": "59faf7ca86f7740dbe19f6c2",
                  "upd": {
                    "StackObjectsCount": 1
                  }
                }
              ]
            },
            {
              "value": "1",
              "id": "5734758f24597738025ee253",
              "type": "Item",
              "index": 1,
              "target": "6492e44bf4287b13040fca56",
              "findInRaid": true,
              "items": [
                {
                  "_id": "6492e44bf4287b13040fca56",
                  "_tpl": "5734758f24597738025ee253",
                  "upd": {
                    "StackObjectsCount": 1
                  }
                }
              ]
            },
            {
              "value": "5",
              "id": "5448fee04bdc2dbc018b4567",
              "type": "Item",
              "index": 1,
              "target": "6492e44bf4287b13040fca56",
              "findInRaid": true,
              "items": [
                {
                  "_id": "6492e44bf4287b13040fca56",
                  "_tpl": "5448fee04bdc2dbc018b4567",
                  "upd": {
                    "StackObjectsCount": 5
                  }
                }
              ]
            },
            {
              "value": "5",
              "id": "5bc9c29cd4351e003562b8a3",
              "type": "Item",
              "index": 1,
              "target": "6492e44bf4287b13040fca56",
              "findInRaid": true,
              "items": [
                {
                  "_id": "6492e44bf4287b13040fca56",
                  "_tpl": "5bc9c29cd4351e003562b8a3",
                  "upd": {
                    "StackObjectsCount": 5
                  }
                }
              ]
            },
            {
              "value": "0.25",
              "id": "60c89c0c80b2027f403dd992",
              "type": "TraderStanding",
              "index": 5,
              "target": "RyzhyTrader"
            }
          ],
          "Fail": []
        },
        "side": "Pmc"
    }
}