{
    "ryzhyselfdefensequest":
    {
        "QuestName": "Self Defense",
        "_id": "ryzhyselfdefensequest",
        "acceptPlayerMessage": "ryzhyselfdefensequest acceptPlayerMessage",
        "canShowNotificationsInGame": true,
        "changeQuestMessageText": "ryzhyselfdefensequest changeQuestMessageText",
        "completePlayerMessage": "ryzhyselfdefensequest completePlayerMessage",
        "conditions": {
      "AvailableForFinish": [
        {
          "completeInSeconds": 0,
          "conditionType": "CounterCreator",
          "counter": {
            "conditions": [
              {
                "bodyPart": [],
                "compareMethod": ">=",
                "conditionType": "Kills",
                "daytime": {
                  "from": 0,
                  "to": 0
                },
                "distance": {
                  "compareMethod": ">=",
                  "value": 0
                },
                "dynamicLocale": false,
                "enemyEquipmentExclusive": [],
                "enemyEquipmentInclusive": [],
                "enemyHealthEffects": [],
                "id": "ryzhyselfdefensequest kill",
                "resetOnSessionEnd": false,
                "savageRole": ["bossSanitar"],
                "target": "Savage",
                "value": 1,
                "weapon": [],
                "weaponCaliber": [],
                "weaponModsExclusive": [],
                "weaponModsInclusive": []
              }
            ],
            "id": "ryzhyselfdefensequest kill"
          },
          "doNotResetIfCounterCompleted": false,
          "dynamicLocale": false,
          "globalQuestCounterId": "",
          "id": "ryzhyselfdefensequest kill",
          "index": 0,
          "oneSessionOnly": false,
          "parentId": "",
          "type": "Elimination",
          "value": 1,
          "visibilityConditions": []
        }
      ],
      "AvailableForStart": [
        {
            "availableAfter": 0,
            "conditionType": "Quest",
            "dispersion": 0,
            "dynamicLocale": false,
            "globalQuestCounterId": "",
            "id": "ryzhyselfdefensequest start",
            "index": 0,
            "parentId": "",
            "status": [
              4
            ],
            "target": "ryzhypaybackquest",
            "visibilityConditions": []
        }
      ],
      "Fail": []
    },
    "description": "ryzhyselfdefensequest description",
        "failMessageText": " ",
        "name": "ryzhyselfdefensequest name",
        "note": "ryzhyselfdefensequest note",
        "questStatus": {},
        "traderId": "RyzhyTrader",
        "location": "any",
        "image": "/files/quest/icon/ryzhySelfDefenseQuest.png",
        "isKey": false,
        "restartable": false,
        "instantComplete": false,
        "secretQuest": false,
        "startedMessageText": "ryzhyselfdefensequest description",
        "successMessageText": "ryzhyselfdefensequest successMessageText",
        "templateId": "ryzhyselfdefensequest",
        "rewards": {
          "Started": [],
          "Success": [
            {
              "value": "20000",
              "id": "5fe305df8a67d12f5f24c8aa",
              "type": "Experience",
              "index": 0
            },
            {
              "value": "150000",
              "id": "5fe305d9c646836c3b6fc562",
              "type": "Item",
              "index": 1,
              "target": "6492e44bf4287b13040fca56",
              "findInRaid": true,
              "items": [
                {
                  "_id": "6492e44bf4287b13040fca56",
                  "_tpl": "5449016a4bdc2d6f028b456f",
                  "upd": {
                    "StackObjectsCount": 150000
                  }
                }
              ]
            },
            {
              "value": "2",
              "id": "614451b71e5874611e2c7ae5",
              "type": "Item",
              "index": 1,
              "target": "6492e44bf4287b13040fca56",
              "findInRaid": true,
              "items": [
                {
                  "_id": "6492e44bf4287b13040fca56",
                  "_tpl": "614451b71e5874611e2c7ae5",
                  "upd": {
                    "StackObjectsCount": 2
                  }
                }
              ]
            },
            {
              "value": "3",
              "id": "59faf7ca86f7740dbe19f6c2",
              "type": "Item",
              "index": 1,
              "target": "6492e44bf4287b13040fca56",
              "findInRaid": true,
              "items": [
                {
                  "_id": "6492e44bf4287b13040fca56",
                  "_tpl": "59faf7ca86f7740dbe19f6c2",
                  "upd": {
                    "StackObjectsCount": 3
                  }
                }
              ]
            },
            {
              "value": "3",
              "id": "5734758f24597738025ee253",
              "type": "Item",
              "index": 1,
              "target": "6492e44bf4287b13040fca56",
              "findInRaid": true,
              "items": [
                {
                  "_id": "6492e44bf4287b13040fca56",
                  "_tpl": "5734758f24597738025ee253",
                  "upd": {
                    "StackObjectsCount": 3
                  }
                }
              ]
            },
            {
              "value": "1",
              "id": "655c67782a1356436041c9c5",
              "type": "Item",
              "index": 1,
              "target": "6492e44bf4287b13040fca56",
              "findInRaid": true,
              "items": [
                {
                  "_id": "6492e44bf4287b13040fca56",
                  "_tpl": "655c67782a1356436041c9c5",
                  "upd": {
                    "StackObjectsCount": 1
                  }
                }
              ]
            },
            {
              "value": "1",
              "id": "5fd4c4fa16cac650092f6771",
              "type": "Item",
              "index": 1,
              "target": "6492e44bf4287b13040fca56",
              "findInRaid": true,
              "items": [
                {
                  "_id": "6492e44bf4287b13040fca56",
                  "_tpl": "5fd4c4fa16cac650092f6771",
                  "upd": {
                    "StackObjectsCount": 1
                  }
                }
              ]
            },
            {
              "value": "1",
              "id": "5ab8f04f86f774585f4237d8",
              "type": "Item",
              "index": 1,
              "target": "6492e44bf4287b13040fca56",
              "findInRaid": true,
              "items": [
                {
                  "_id": "6492e44bf4287b13040fca56",
                  "_tpl": "5ab8f04f86f774585f4237d8",
                  "upd": {
                    "StackObjectsCount": 1
                  }
                }
              ]
            },
            {
              "value": "-0.05",
              "id": "60c89c0c80b2027f403dd992",
              "type": "TraderStanding",
              "index": 5,
              "target": "54cb57776803fa99248b456e"
            },
            {
              "value": "0.25",
              "id": "60c89c0c80b2027f403dd992",
              "type": "TraderStanding",
              "index": 5,
              "target": "RyzhyTrader"
            }
          ],
          "Fail": []
        },
        "side": "Pmc"
    }
}