{
    "_id": "RyzhyTrader",
    "working": true,
    "availableInRaid": false,
    "items_buy": {
    "category": [
      "543be6674bdc2df1348b4569",
      "567849dd4bdc2d150f8b456e",
      "5448eb774bdc2d0a728b4567"
    ],
    "id_list": []
  },
    "items_buy_prohibited": {},
    "customization_seller": false,
    "name": "Ryzhy",
    "surname": " ",
    "nickname": "Ryzhy",
    "location": "Streets of Tarkov",
    "avatar": "/files/trader/avatar/ryzhyTrader.jpg",
    "balance_rub": 5000000,
    "balance_dol": 0,
    "balance_eur": 0,
    "unlockedByDefault": true,
    "discount": 0,
    "discount_end": 0,
    "buyer_up": true,
    "currency": "RUB",
    "nextResupply": 1615141448,
    "repair": {
        "availability": false,
        "quality": "2",
        "excluded_id_list": [],
        "excluded_category": [],
        "currency": "5449016a4bdc2d6f028b456f",
        "currency_coefficient": 1,
        "price_rate": 10
    },
    "insurance": {
        "availability": false,
        "min_payment": 0,
        "min_return_hour": 3,
        "max_return_hour": 12,
        "max_storage_time": 144,
        "excluded_category": []
    },
    "gridHeight": 150,
    "loyaltyLevels": 
    [
        {
            "minLevel": 1,
            "minSalesSum": 0,
            "minStanding": 0,
            "buy_price_coef": 40,
            "repair_price_coef": 175,
            "insurance_price_coef": 10,
            "exchange_price_coef": 0,
            "heal_price_coef": 0
        },
        {
            "minLevel": 5,
            "minSalesSum": 500000,
            "minStanding": 0.5,
            "buy_price_coef": 30,
            "repair_price_coef": 175,
            "insurance_price_coef": 10,
            "exchange_price_coef": 0,
            "heal_price_coef": 0
        },
        {
            "minLevel": 10,
            "minSalesSum": 1000000,
            "minStanding": 1,
            "buy_price_coef": 10,
            "repair_price_coef": 175,
            "insurance_price_coef": 10,
            "exchange_price_coef": 0,
            "heal_price_coef": 0
        }
    ],
    "sell_category": [
    "5b47574386f77428ca22b2f1",
    "5b47574386f77428ca22b340",
    "5b47574386f77428ca22b2f4",
    "5b47574386f77428ca22b341",
    "5b47574386f77428ca22b343"
    ]
}
